index	start_monotonic_seconds	end_monotonic_seconds	file
1	257.94	258.55	frame-000001.png
2	258.63	258.95	frame-000002.png
3	259.20	259.58	frame-000003.png
4	259.82	260.51	frame-000004.png
5	260.66	261.21	frame-000005.png
6	261.38	262.05	frame-000006.png
7	262.22	262.75	frame-000007.png
8	262.90	263.62	frame-000008.png
9	263.77	264.26	frame-000009.png
10	264.34	264.67	frame-000010.png
11	264.98	265.62	frame-000011.png
12	265.78	266.50	frame-000012.png
13	266.66	267.42	frame-000013.png
14	267.58	268.39	frame-000014.png
15	268.55	269.26	frame-000015.png
16	269.41	269.79	frame-000016.png
17	270.00	270.32	frame-000017.png
18	270.56	270.88	frame-000018.png
19	271.12	271.45	frame-000019.png
20	271.69	272.01	frame-000020.png
21	272.25	272.57	frame-000021.png
22	272.81	273.13	frame-000022.png
